Job Title,Company,Location
Business/Data Analyst Intern: Summer 2022 (CIO),IBM,"Raleigh, NC"
"Red Hat Jobs - for Data Analyst Internship Careers Raleigh, North...",Red Hat,"Raleigh, NC"
Data Analytics Internship,Siemens,"Cary, NC"
ML/Data Science Intern (Remote - Summer 2022),Splunk,Anywhere
Data Analyst Internship,Bob Barker Company,"Fuquay-Varina, NC"
"Deutsche Bank Analyst Internship Programme â€“ Technology, Data and...",Deutsche Bank,"Cary, NC"
Supplier Data Analyst Intern- Summer 2022,Bristol Myers Squibb,"Raleigh, NC"
Business Intelligence Analyst Intern,Envestnet,"Raleigh, NC"
Data and Analytics Summer Internships,Blue Cross and Blue Shield of North Carolina,North Carolina
Data Science Internship,Red Hat,"Raleigh, NC"
